company_id,ticker,revenue,net_income,eps,report_date
000000,0.8867,0.9691,0.1770,0.6692,2026-05-22
000001,0.3742,0.2887,0.7309,0.3060,2026-12-03
000002,0.9417,0.7505,0.2162,0.4905,2026-12-13
000003,0.5884,0.7060,0.8226,0.3213,2026-04-21
000004,0.0782,0.3186,0.7460,0.3925,2026-07-28
000005,0.6559,0.2488,0.8672,0.6038,2026-01-18
000006,0.9774,0.2775,0.3227,0.6073,2026-02-14
000007,0.4407,0.7887,0.0957,0.5234,2026-11-03
000008,0.3424,0.5610,0.3570,0.5494,2026-10-26
000009,0.2051,0.3487,0.9339,0.9747,2026-09-09
000010,0.5919,0.7110,0.4619,0.4638,2026-04-07
000011,0.1413,0.6805,0.6310,0.4620,2026-05-12
000012,0.7397,0.4591,0.4293,0.2166,2026-12-22
000013,0.2771,0.0971,0.7927,0.8050,2026-09-13
000014,0.5393,0.4551,0.9432,0.5595,2026-05-11
000015,0.4247,0.6179,0.3325,0.1149,2026-02-08
000016,0.7960,0.4426,0.9651,0.8523,2026-05-13
000017,0.7049,0.3856,0.9624,0.3480,2026-06-28
000018,0.7980,0.2605,0.0278,0.8361,2026-12-28
000019,0.5872,0.3972,0.4237,0.4314,2026-07-05
000020,0.8250,0.7102,0.4709,0.4614,2026-09-05
000021,0.7234,0.0564,0.2437,0.7264,2026-10-20
000022,0.9218,0.9986,0.6712,0.4290,2026-05-22
000023,0.3088,0.3631,0.1867,0.2557,2026-11-06
000024,0.0761,0.8452,0.9008,0.6807,2026-03-05
000025,0.0421,0.3448,0.7873,0.3808,2026-12-16
000026,0.7435,0.0750,0.6670,0.1684,2026-03-21
000027,0.2867,0.2677,0.7900,0.1541,2026-11-26
000028,0.7437,0.1765,0.1583,0.2875,2026-05-17
000029,0.7816,0.7199,0.0505,0.4052,2026-05-06
000030,0.8030,0.5534,0.7954,0.3661,2026-11-08
000031,0.9491,0.9844,0.4811,0.0039,2026-01-05
000032,0.6317,0.9404,0.8065,0.0393,2026-07-21
000033,0.6833,0.0148,0.7714,0.1045,2026-02-09
000034,0.5913,0.7663,0.4925,0.3311,2026-05-19
000035,0.9879,0.4765,0.6334,0.5862,2026-12-22
000036,0.6080,0.4868,0.4646,0.0111,2026-11-24
000037,0.8173,0.6119,0.5227,0.9671,2026-08-10
000038,0.1555,0.5142,0.2373,0.2637,2026-08-10
000039,0.2684,0.7830,0.2247,0.1981,2026-05-28
000040,0.1002,0.4981,0.5426,0.5998,2026-08-04
000041,0.8329,0.1878,0.4053,0.0365,2026-02-11
000042,0.2380,0.7830,0.0285,0.4690,2026-02-17
000043,0.4045,0.0075,0.4510,0.4983,2026-09-15
000044,0.9404,0.6651,0.5503,0.9180,2026-05-03
000045,0.3899,0.1328,0.3111,0.2818,2026-05-19
000046,0.5926,0.5002,0.7195,0.2804,2026-05-28
000047,0.9381,0.6271,0.8958,0.3458,2026-12-18
000048,0.1197,0.9200,0.6653,0.8531,2026-05-08
000049,0.2198,0.7949,0.0578,0.6750,2026-08-07
000050,0.4243,0.4142,0.0572,0.1565,2026-10-14
000051,0.8725,0.3177,0.2185,0.1430,2026-02-28
000052,0.1437,0.7008,0.8713,0.1478,2026-07-19
000053,0.5254,0.3359,0.8633,0.3318,2026-11-22
000054,0.8382,0.1276,0.7799,0.5528,2026-09-25
000055,0.1854,0.2948,0.7658,0.0133,2026-12-06
000056,0.7783,0.6127,0.5608,0.3222,2026-07-24
000057,0.9486,0.1702,0.7578,0.6619,2026-03-02
000058,0.7656,0.1841,0.9277,0.4331,2026-06-06
000059,0.5361,0.1550,0.3449,0.5444,2026-12-06
000060,0.6069,0.2627,0.1361,0.3769,2026-09-10
000061,0.2257,0.8036,0.1531,0.6798,2026-01-20
000062,0.9983,0.4401,0.0707,0.9710,2026-02-11
000063,0.0801,0.0144,0.7366,0.9095,2026-05-10
000064,0.8339,0.9635,0.8150,0.5843,2026-06-21
000065,0.9389,0.0612,0.8447,0.2548,2026-01-19
000066,0.3402,0.9144,0.6867,0.3455,2026-05-08
000067,0.4138,0.0071,0.6737,0.0400,2026-03-13
000068,0.5399,0.3625,0.7727,0.1450,2026-01-27
000069,0.6819,0.4029,0.0841,0.0642,2026-04-20
000070,0.7385,0.9129,0.5889,0.7044,2026-03-07
000071,0.6449,0.7482,0.2364,0.0341,2026-08-19
000072,0.4669,0.4489,0.7458,0.5893,2026-08-09
000073,0.5925,0.5288,0.3909,0.9294,2026-06-19
000074,0.1488,0.2712,0.5179,0.3062,2026-08-07
000075,0.6123,0.4625,0.6733,0.2574,2026-06-13
000076,0.8439,0.9324,0.8480,0.4330,2026-03-22
000077,0.5118,0.9211,0.1974,0.4161,2026-05-06
000078,0.2315,0.1709,0.7109,0.5278,2026-02-17
000079,0.2183,0.8041,0.0833,0.7245,2026-02-07
000080,0.3937,0.7375,0.4525,0.1879,2026-09-17
000081,0.3833,0.7514,0.1692,0.4005,2026-02-12
000082,0.8949,0.2901,0.2861,0.1030,2026-06-27
000083,0.5237,0.2370,0.0210,0.8849,2026-10-05
000084,0.6277,0.5749,0.3256,0.3059,2026-08-02
000085,0.5080,0.3850,0.1306,0.8971,2026-05-23
000086,0.0545,0.2146,0.6549,0.2711,2026-09-01
000087,0.7486,0.0475,0.1156,0.0081,2026-02-08
000088,0.2955,0.1217,0.7889,0.8471,2026-03-09
000089,0.7611,0.6353,0.9606,0.9594,2026-04-11
000090,0.1592,0.9015,0.7431,0.9674,2026-10-20
000091,0.8576,0.1674,0.6345,0.9762,2026-10-28
000092,0.0769,0.0778,0.0628,0.0605,2026-05-22
000093,0.7635,0.1709,0.6298,0.1378,2026-02-01
000094,0.1632,0.7446,0.7728,0.2296,2026-06-26
000095,0.9744,0.0260,0.3179,0.3163,2026-11-07
000096,0.2236,0.1313,0.5425,0.7557,2026-03-03
000097,0.2458,0.7458,0.9632,0.3083,2026-11-01
000098,0.2657,0.3850,0.4429,0.2458,2026-04-09
000099,0.0255,0.7094,0.3378,0.5016,2026-09-11
000100,0.4902,0.6309,0.9252,0.7636,2026-01-28
000101,0.9449,0.5659,0.0034,0.5872,2026-06-06
000102,0.0829,0.8102,0.0433,0.9278,2026-12-16
000103,0.7314,0.1529,0.7810,0.7650,2026-12-09
000104,0.6493,0.0602,0.1755,0.9625,2026-12-20
000105,0.2155,0.4131,0.1163,0.3657,2026-09-23
000106,0.7662,0.9666,0.0012,0.5045,2026-11-18
000107,0.9633,0.0761,0.6910,0.9891,2026-11-18
000108,0.3954,0.3325,0.9579,0.5804,2026-12-26
000109,0.8441,0.3370,0.5194,0.9321,2026-01-03
000110,0.3547,0.6010,0.4862,0.8316,2026-06-21
000111,0.0477,0.4501,0.0971,0.1992,2026-03-11
000112,0.0509,0.9494,0.3544,0.5243,2026-03-07
000113,0.2957,0.4332,0.1075,0.4395,2026-01-16
000114,0.9315,0.1947,0.7693,0.2393,2026-09-02
000115,0.7890,0.9767,0.7632,0.8502,2026-05-06
000116,0.0020,0.5553,0.9940,0.9340,2026-05-28
000117,0.7350,0.1041,0.8361,0.2717,2026-07-27
000118,0.2708,0.6010,0.1740,0.9283,2026-11-01
000119,0.8913,0.6554,0.4417,0.3328,2026-10-07
000120,0.7354,0.5220,0.6063,0.5595,2026-10-14
000121,0.4699,0.9731,0.1086,0.6322,2026-02-06
000122,0.2085,0.7931,0.7208,0.9359,2026-05-22
000123,0.0555,0.7762,0.7271,0.6873,2026-09-10
000124,0.5382,0.5572,0.0290,0.7430,2026-10-15
000125,0.2814,0.2655,0.3078,0.7941,2026-02-23
000126,0.4424,0.5202,0.1997,0.4193,2026-09-11
000127,0.5651,0.3420,0.8792,0.2417,2026-05-12
000128,0.8990,0.6064,0.7807,0.0612,2026-02-27
000129,0.5111,0.3153,0.4544,0.6907,2026-06-14
000130,0.8243,0.2258,0.8647,0.9579,2026-04-20
000131,0.2218,0.7050,0.5197,0.4791,2026-11-24
000132,0.9909,0.8216,0.9722,0.0162,2026-10-09
000133,0.9903,0.5804,0.7007,0.0200,2026-01-02
000134,0.5355,0.3410,0.4943,0.3599,2026-02-21
000135,0.2341,0.5558,0.7161,0.8032,2026-11-10
000136,0.5808,0.4937,0.5273,0.5987,2026-05-17
000137,0.0448,0.6284,0.6002,0.5752,2026-03-20
000138,0.4839,0.6431,0.1778,0.3222,2026-08-03
000139,0.1597,0.2724,0.5377,0.9552,2026-03-12
000140,0.0751,0.9529,0.6324,0.8414,2026-11-02
000141,0.7251,0.0103,0.0075,0.0173,2026-02-22
000142,0.4886,0.4018,0.7860,0.6940,2026-02-17
000143,0.1329,0.9929,0.7896,0.8011,2026-10-25
000144,0.6070,0.5428,0.2808,0.4708,2026-12-21
000145,0.8871,0.3416,0.0402,0.0608,2026-05-27
000146,0.8305,0.8661,0.3597,0.7628,2026-11-19
000147,0.0002,0.6640,0.9238,0.7284,2026-06-23
000148,0.0947,0.5758,0.2460,0.6629,2026-07-23
000149,0.2548,0.1934,0.0322,0.3842,2026-10-10
000150,0.6421,0.3084,0.7818,0.9065,2026-10-25
000151,0.5852,0.3202,0.3630,0.3583,2026-04-12
000152,0.9749,0.6885,0.3471,0.1482,2026-05-19
000153,0.1854,0.6084,0.6824,0.7592,2026-10-03
000154,0.6612,0.6810,0.4417,0.7593,2026-06-14
000155,0.3247,0.4862,0.8141,0.9089,2026-09-04
000156,0.1388,0.5343,0.7156,0.7213,2026-03-19
000157,0.8493,0.6060,0.3567,0.5597,2026-09-11
000158,0.8736,0.3204,0.5977,0.2374,2026-10-18
000159,0.4593,0.4859,0.3407,0.5341,2026-10-09
000160,0.6658,0.8810,0.6066,0.0169,2026-07-21
000161,0.2153,0.1362,0.6069,0.7563,2026-06-15
000162,0.0445,0.4577,0.0871,0.4900,2026-11-01
000163,0.4113,0.6111,0.6607,0.9137,2026-07-08
000164,0.8165,0.5222,0.0547,0.1871,2026-07-17
000165,0.9659,0.0591,0.7105,0.7744,2026-11-05
000166,0.0267,0.5389,0.4003,0.6842,2026-01-07
000167,0.9131,0.1277,0.2172,0.1055,2026-08-09
000168,0.7061,0.5014,0.9300,0.5159,2026-08-28
000169,0.6786,0.1712,0.6440,0.8373,2026-05-23
000170,0.7490,0.4213,0.3190,0.2699,2026-02-08
000171,0.9385,0.1718,0.3439,0.5000,2026-12-21
000172,0.2197,0.7286,0.6703,0.4561,2026-11-25
000173,0.6623,0.9024,0.0583,0.4414,2026-08-23
000174,0.2250,0.9142,0.1636,0.0319,2026-12-20
000175,0.4281,0.1669,0.4939,0.5243,2026-05-24
000176,0.9349,0.5433,0.8244,0.2972,2026-01-19
000177,0.0177,0.4936,0.3514,0.8442,2026-05-23
000178,0.7218,0.6491,0.7927,0.1420,2026-08-11
000179,0.3283,0.8759,0.0886,0.1366,2026-01-15
000180,0.1741,0.0731,0.7720,0.9156,2026-08-04
000181,0.0054,0.5043,0.9754,0.9434,2026-09-10
000182,0.7860,0.9058,0.4722,0.4152,2026-02-20
000183,0.6795,0.7802,0.4385,0.5067,2026-12-18
000184,0.1312,0.7996,0.7072,0.6804,2026-06-18
000185,0.2881,0.3122,0.2255,0.3882,2026-05-14
000186,0.9119,0.9528,0.9012,0.0068,2026-08-09
000187,0.3088,0.3563,0.2289,0.8889,2026-12-15
000188,0.2978,0.0018,0.4463,0.4699,2026-09-07
000189,0.1863,0.9888,0.9225,0.5496,2026-09-18
000190,0.2305,0.0726,0.2981,0.7046,2026-03-27
000191,0.1529,0.4216,0.2256,0.1597,2026-03-05
000192,0.4752,0.6892,0.2138,0.3344,2026-05-09
000193,0.0984,0.5973,0.0406,0.5514,2026-03-25
000194,0.6966,0.6144,0.1509,0.0482,2026-08-11
000195,0.2096,0.1488,0.6274,0.8390,2026-10-26
000196,0.3578,0.8941,0.0180,0.5860,2026-02-24
000197,0.4823,0.6465,0.7969,0.8997,2026-11-01
000198,0.5713,0.5262,0.7936,0.6648,2026-07-25
000199,0.6358,0.1120,0.9928,0.4479,2026-04-23
000200,0.8218,0.2153,0.1648,0.7462,2026-05-25
000201,0.7659,0.1680,0.0331,0.4598,2026-08-04
000202,0.5338,0.9509,0.8505,0.0174,2026-03-13
000203,0.2241,0.0771,0.1685,0.0470,2026-12-08
000204,0.7121,0.0055,0.7965,0.0388,2026-02-25
000205,0.7507,0.5387,0.0226,0.8786,2026-10-08
000206,0.0630,0.8996,0.8217,0.0703,2026-08-02
000207,0.8257,0.1255,0.3667,0.0999,2026-04-21
000208,0.2779,0.1351,0.4274,0.3113,2026-01-11
000209,0.5781,0.3053,0.4601,0.0473,2026-11-16
000210,0.2221,0.7978,0.7500,0.7587,2026-01-26
000211,0.8848,0.2336,0.8415,0.1077,2026-10-20
000212,0.5264,0.5573,0.5795,0.6749,2026-08-06
000213,0.3236,0.8579,0.1265,0.5276,2026-06-04
000214,0.9956,0.4115,0.1845,0.8288,2026-08-11
000215,0.4320,0.6829,0.5826,0.7449,2026-04-21
000216,0.0123,0.9361,0.7347,0.2215,2026-06-12
000217,0.9767,0.8469,0.7512,0.0833,2026-06-01
000218,0.4226,0.0262,0.4194,0.9006,2026-09-05
000219,0.4836,0.9294,0.9179,0.4731,2026-10-01
000220,0.7605,0.6005,0.6558,0.1484,2026-01-22
000221,0.7643,0.6383,0.2864,0.3822,2026-12-06
000222,0.3328,0.9980,0.2127,0.3038,2026-11-06
000223,0.1498,0.7981,0.7043,0.7338,2026-10-02
000224,0.8252,0.9766,0.4622,0.0445,2026-04-08
000225,0.2536,0.8302,0.0917,0.8985,2026-02-18
000226,0.4996,0.0625,0.3315,0.6468,2026-10-19
000227,0.6900,0.9977,0.9350,0.2917,2026-08-16
000228,0.3346,0.4298,0.1777,0.3254,2026-12-12
000229,0.3333,0.7082,0.1323,0.3573,2026-10-22
000230,0.8290,0.1987,0.6361,0.6021,2026-05-19
000231,0.4472,0.2607,0.3604,0.7204,2026-11-15
000232,0.7030,0.7248,0.2277,0.0987,2026-06-05
000233,0.5208,0.9949,0.1193,0.6559,2026-03-11
000234,0.2825,0.7731,0.3686,0.1703,2026-07-07
000235,0.6752,0.7561,0.2836,0.6736,2026-10-09
000236,0.4611,0.4984,0.5708,0.1586,2026-11-16
000237,0.6053,0.5026,0.1687,0.1384,2026-05-01
000238,0.3858,0.9493,0.3713,0.0608,2026-08-17
000239,0.9230,0.4802,0.8583,0.5603,2026-10-16
000240,0.0053,0.7708,0.8959,0.4169,2026-10-16
000241,0.9630,0.9120,0.9957,0.6664,2026-09-06
000242,0.8477,0.8262,0.7289,0.7422,2026-06-28
000243,0.6507,0.4950,0.9057,0.6318,2026-07-16
000244,0.1470,0.3972,0.1405,0.6177,2026-05-27
000245,0.9353,0.5726,0.4207,0.9035,2026-01-14
000246,0.1495,0.5203,0.1416,0.0214,2026-02-28
000247,0.9981,0.0626,0.6305,0.4935,2026-06-27
000248,0.3274,0.5047,0.1365,0.1502,2026-08-07
000249,0.6089,0.6571,0.1250,0.9155,2026-10-15
000250,0.2541,0.9561,0.1562,0.8256,2026-03-14
000251,0.5648,0.6190,0.6340,0.0951,2026-12-04
000252,0.5594,0.8355,0.1709,0.2057,2026-11-23
000253,0.0859,0.8476,0.9745,0.3400,2026-03-18
000254,0.6577,0.6378,0.5053,0.1468,2026-08-04
000255,0.5176,0.7994,0.9062,0.0087,2026-07-26
000256,0.1274,0.6706,0.7578,0.3641,2026-05-18
000257,0.1990,0.5877,0.5048,0.2942,2026-01-19
000258,0.1000,0.1983,0.8035,0.5848,2026-04-07
000259,0.6625,0.0727,0.0777,0.0545,2026-05-08
000260,0.5190,0.3546,0.3555,0.9113,2026-02-15
000261,0.1927,0.4227,0.9832,0.0361,2026-10-27
000262,0.5421,0.9226,0.0684,0.9304,2026-05-03
000263,0.7318,0.2063,0.0591,0.3946,2026-03-02
000264,0.7648,0.7031,0.6062,0.9991,2026-09-12
000265,0.0156,0.0826,0.1616,0.0785,2026-07-23
000266,0.1307,0.4196,0.0645,0.7602,2026-10-13
000267,0.7293,0.3471,0.7556,0.4807,2026-06-20
000268,0.1395,0.8485,0.2961,0.2495,2026-04-22
000269,0.7844,0.4064,0.0879,0.6762,2026-05-18
000270,0.8927,0.6894,0.9343,0.1801,2026-09-25
000271,0.6735,0.0489,0.7771,0.3258,2026-01-17
000272,0.9992,0.2716,0.5023,0.9049,2026-04-23
000273,0.3532,0.7537,0.1924,0.1416,2026-04-25
000274,0.4690,0.7018,0.7712,0.7351,2026-05-28
000275,0.8716,0.1863,0.3390,0.0011,2026-09-02
000276,0.6596,0.2323,0.6751,0.0422,2026-06-09
000277,0.7624,0.0437,0.9042,0.8227,2026-11-26
000278,0.5822,0.0052,0.9220,0.7725,2026-05-17
000279,0.6705,0.1821,0.2418,0.8027,2026-06-20
000280,0.5633,0.2811,0.0179,0.5533,2026-01-17
000281,0.5182,0.6630,0.9218,0.9899,2026-10-07
000282,0.9365,0.2553,0.3473,0.3170,2026-05-09
000283,0.9182,0.3984,0.1768,0.2683,2026-12-24
000284,0.3953,0.8782,0.1460,0.0057,2026-02-03
000285,0.9693,0.4867,0.6210,0.0449,2026-05-24
000286,0.4265,0.3971,0.8932,0.4612,2026-09-06
000287,0.6874,0.5978,0.5655,0.4773,2026-11-07
000288,0.5150,0.3123,0.3698,0.9949,2026-06-27
000289,0.2265,0.6650,0.2258,0.4096,2026-10-21
000290,0.0644,0.4143,0.3719,0.9997,2026-03-09
000291,0.0584,0.8594,0.5033,0.1528,2026-01-17
000292,0.6114,0.6951,0.4106,0.7663,2026-11-19
000293,0.6150,0.1422,0.2074,0.4438,2026-11-07
000294,0.6670,0.9230,0.1149,0.3247,2026-06-24
000295,0.7458,0.4081,0.7561,0.7129,2026-07-24
000296,0.6014,0.3866,0.2751,0.7995,2026-06-09
000297,0.7451,0.5448,0.1716,0.2925,2026-04-17
000298,0.0267,0.1547,0.2513,0.7917,2026-03-02
000299,0.6279,0.2435,0.2063,0.3248,2026-08-03
000300,0.0061,0.0653,0.9296,0.1299,2026-02-04
000301,0.3042,0.0615,0.8961,0.6333,2026-08-04
000302,0.2980,0.8085,0.1141,0.4478,2026-07-27
000303,0.3957,0.3148,0.5667,0.5061,2026-11-14
000304,0.0011,0.9794,0.7325,0.1984,2026-10-18
000305,0.8969,0.1600,0.8250,0.4436,2026-12-08
000306,0.4048,0.4265,0.4587,0.7570,2026-01-08
000307,0.1219,0.7954,0.1987,0.9204,2026-04-08
000308,0.7558,0.1716,0.1029,0.4230,2026-08-05
000309,0.8757,0.3926,0.0996,0.6955,2026-08-20
000310,0.9077,0.1503,0.3886,0.7545,2026-11-02
000311,0.5717,0.1518,0.2507,0.6676,2026-08-28
000312,0.5733,0.5155,0.6227,0.1025,2026-05-20
000313,0.1374,0.2103,0.9081,0.4912,2026-08-06
000314,0.7750,0.2074,0.8787,0.9896,2026-04-09
000315,0.5872,0.9362,0.4230,0.0254,2026-05-07
000316,0.3880,0.3673,0.4993,0.7931,2026-04-15
000317,0.9571,0.3113,0.5654,0.3915,2026-06-16
000318,0.0552,0.4404,0.1807,0.7384,2026-12-18
000319,0.2484,0.8438,0.3645,0.7978,2026-04-14
000320,0.8864,0.8042,0.8614,0.1778,2026-08-20
000321,0.2413,0.2466,0.0239,0.3751,2026-06-24
000322,0.7545,0.4780,0.3570,0.6137,2026-06-24
000323,0.7588,0.6385,0.4849,0.5237,2026-11-06
000324,0.1635,0.4218,0.4810,0.1336,2026-06-09
000325,0.6696,0.0039,0.5154,0.6164,2026-07-02
000326,0.1139,0.5039,0.1557,0.8050,2026-05-04
000327,0.9622,0.1541,0.5345,0.3389,2026-02-04
000328,0.8480,0.3831,0.9196,0.7523,2026-08-14
000329,0.1587,0.2695,0.3164,0.0772,2026-03-27
000330,0.4196,0.2264,0.6291,0.1253,2026-07-27
000331,0.4192,0.2432,0.1839,0.5471,2026-07-11
000332,0.3583,0.2873,0.1559,0.3886,2026-04-08
000333,0.2445,0.4137,0.3699,0.6522,2026-05-21
000334,0.8841,0.2461,0.3820,0.3775,2026-04-27
000335,0.9539,0.9049,0.3556,0.4784,2026-10-13
000336,0.1222,0.2292,0.5428,0.1536,2026-07-13
000337,0.4160,0.4439,0.7260,0.2250,2026-01-12
000338,0.5798,0.3306,0.5721,0.7749,2026-05-16
000339,0.7678,0.4709,0.1787,0.1938,2026-02-05
000340,0.9106,0.5785,0.9712,0.2439,2026-05-15
000341,0.8085,0.2443,0.6963,0.6103,2026-05-03
000342,0.9276,0.6817,0.2719,0.4919,2026-12-07
000343,0.1208,0.8249,0.4341,0.7018,2026-04-26
000344,0.9041,0.9017,0.0184,0.5317,2026-07-03
000345,0.4168,0.6337,0.0638,0.8873,2026-10-22
000346,0.9742,0.7602,0.2330,0.4652,2026-10-19
000347,0.2099,0.4055,0.4905,0.1516,2026-08-22
000348,0.5974,0.9220,0.3504,0.1355,2026-07-22
000349,0.0853,0.3262,0.9667,0.8697,2026-12-17
000350,0.7894,0.8559,0.8896,0.8612,2026-04-23
000351,0.7631,0.6724,0.4484,0.9092,2026-04-03
000352,0.8956,0.1998,0.9168,0.1669,2026-07-01
000353,0.4777,0.4360,0.6302,0.1643,2026-06-12
000354,0.8663,0.6734,0.8949,0.0620,2026-12-15
000355,0.2606,0.7477,0.9649,0.6153,2026-11-06
000356,0.2418,0.5210,0.9491,0.8087,2026-08-28
000357,0.5429,0.8320,0.8546,0.1275,2026-01-13
000358,0.3309,0.2537,0.6345,0.4906,2026-06-18
000359,0.3817,0.3703,0.1533,0.9330,2026-01-14
000360,0.7732,0.9046,0.3977,0.9050,2026-01-05
000361,0.3720,0.8074,0.6983,0.1927,2026-08-16
000362,0.1311,0.2855,0.7215,0.7730,2026-01-16
000363,0.2682,0.8079,0.8488,0.1504,2026-08-18
000364,0.7130,0.7236,0.0329,0.6006,2026-04-08
000365,0.1676,0.3383,0.8519,0.6015,2026-07-28
000366,0.8540,0.2366,0.2194,0.4076,2026-06-28
000367,0.2124,0.9240,0.6424,0.6168,2026-10-09
000368,0.0674,0.6800,0.9151,0.4604,2026-05-10
000369,0.5205,0.5544,0.6508,0.5822,2026-06-01
000370,0.6806,0.1753,0.4333,0.2043,2026-04-15
000371,0.1691,0.0468,0.2926,0.0242,2026-01-27
000372,0.8453,0.6306,0.0533,0.5590,2026-07-21
000373,0.6610,0.6629,0.6460,0.4589,2026-07-04
000374,0.7669,0.6749,0.0572,0.3819,2026-06-09
000375,0.3146,0.4898,0.6902,0.9983,2026-09-19
000376,0.2725,0.3143,0.3900,0.2121,2026-05-21
000377,0.4657,0.5488,0.3222,0.7403,2026-12-05
000378,0.7770,0.4037,0.9391,0.4501,2026-12-17
000379,0.6352,0.9353,0.9368,0.7051,2026-10-02
000380,0.6376,0.1966,0.5803,0.6204,2026-07-27
000381,0.9295,0.5854,0.8064,0.3000,2026-05-05
000382,0.3429,0.4358,0.6720,0.6114,2026-03-23
000383,0.0759,0.4200,0.2117,0.6365,2026-12-22
000384,0.0553,0.0875,0.4342,0.6810,2026-05-14
000385,0.4259,0.2261,0.5864,0.6841,2026-08-02
000386,0.1088,0.0361,0.9193,0.1158,2026-02-16
000387,0.5553,0.6880,0.6129,0.3609,2026-11-08
000388,0.7055,0.9539,0.9309,0.9016,2026-11-01
000389,0.4061,0.4233,0.5533,0.2219,2026-12-24
000390,0.0417,0.7371,0.8271,0.8901,2026-12-10
000391,0.8218,0.3798,0.2554,0.3313,2026-09-14
000392,0.7514,0.4978,0.9430,0.1336,2026-02-07
000393,0.9343,0.2985,0.6909,0.7837,2026-12-06
000394,0.4789,0.2337,0.1170,0.0223,2026-09-22
000395,0.2683,0.1354,0.6238,0.2038,2026-06-24
000396,0.5653,0.4589,0.8161,0.0786,2026-10-15
000397,0.0573,0.0876,0.1818,0.0650,2026-06-02
000398,0.8866,0.7189,0.1278,0.2260,2026-05-22
000399,0.5687,0.9955,0.8606,0.9007,2026-10-10
000400,0.4745,0.5330,0.8890,0.3158,2026-08-05
000401,0.6541,0.7184,0.3155,0.5754,2026-08-02
000402,0.4850,0.5561,0.8085,0.3191,2026-02-11
000403,0.8367,0.8752,0.6174,0.9200,2026-12-03
000404,0.2219,0.3242,0.2512,0.6241,2026-06-06
000405,0.9814,0.2783,0.3156,0.9753,2026-12-18
000406,0.7099,0.4589,0.8873,0.6874,2026-08-12
000407,0.7948,0.6921,0.5687,0.4657,2026-09-07
000408,0.6079,0.8163,0.1535,0.1737,2026-08-18
000409,0.5219,0.9441,0.6460,0.9452,2026-09-21
000410,0.9620,0.0932,0.2436,0.0222,2026-05-25
000411,0.5266,0.0573,0.1649,0.3269,2026-09-19
000412,0.4187,0.6667,0.9072,0.5023,2026-10-19
000413,0.7369,0.2867,0.7832,0.2838,2026-05-17
000414,0.2138,0.2720,0.7164,0.9816,2026-09-25
000415,0.8276,0.9876,0.9553,0.7116,2026-10-13
000416,0.4231,0.4755,0.4225,0.3700,2026-06-10
000417,0.8508,0.9364,0.9643,0.5986,2026-09-04
000418,0.8052,0.3921,0.7945,0.2895,2026-06-25
000419,0.5806,0.0273,0.1911,0.5346,2026-08-03
000420,0.3430,0.4676,0.4787,0.1330,2026-01-15
000421,0.7498,0.3748,0.4852,0.0172,2026-07-26
000422,0.6747,0.6480,0.3600,0.0423,2026-06-24
000423,0.5266,0.2991,0.3905,0.2983,2026-07-03
000424,0.8617,0.6481,0.7047,0.7124,2026-08-02
000425,0.6926,0.2293,0.8354,0.5216,2026-09-09
000426,0.9722,0.8282,0.7344,0.6732,2026-10-17
000427,0.3473,0.7067,0.1154,0.6457,2026-02-24
000428,0.4682,0.2390,0.4933,0.6730,2026-09-14
000429,0.6887,0.3257,0.0140,0.0199,2026-08-28
000430,0.5105,0.3305,0.8663,0.5555,2026-12-05
000431,0.2334,0.4248,0.5398,0.0249,2026-10-25
000432,0.4576,0.7445,0.3572,0.9380,2026-05-26
000433,0.8234,0.0143,0.2090,0.5935,2026-10-09
000434,0.4373,0.0362,0.0539,0.3569,2026-10-10
000435,0.0504,0.4469,0.5551,0.8141,2026-06-16
000436,0.6008,0.8671,0.9505,0.5091,2026-07-09
000437,0.1362,0.6360,0.1824,0.8054,2026-01-16
000438,0.7673,0.7049,0.5820,0.0958,2026-11-02
000439,0.5933,0.4684,0.5287,0.9971,2026-01-26
000440,0.1161,0.9609,0.1359,0.5875,2026-03-01
000441,0.2127,0.9753,0.5863,0.5038,2026-05-06
000442,0.2801,0.5417,0.3965,0.3256,2026-10-27
000443,0.9418,0.2353,0.8931,0.7681,2026-03-22
000444,0.0581,0.0401,0.1411,0.0856,2026-11-09
000445,0.3653,0.6263,0.4643,0.5786,2026-09-25
000446,0.2440,0.8719,0.3520,0.5715,2026-09-10
000447,0.6919,0.6652,0.0370,0.5732,2026-11-07
000448,0.0515,0.8017,0.3486,0.6549,2026-05-09
000449,0.6894,0.6537,0.4863,0.5468,2026-12-06
000450,0.8258,0.6100,0.1628,0.7810,2026-08-22
000451,0.0959,0.0171,0.6456,0.3187,2026-09-01
000452,0.0387,0.5152,0.1766,0.1586,2026-10-27
000453,0.7677,0.6471,0.1440,0.2594,2026-03-20
000454,0.3640,0.0490,0.5522,0.1387,2026-04-02
000455,0.0367,0.4674,0.4793,0.0051,2026-06-25
000456,0.1168,0.4772,0.1501,0.2169,2026-09-10
000457,0.8508,0.8150,0.6395,0.9043,2026-05-05
000458,0.7582,0.9294,0.3873,0.3981,2026-07-22
000459,0.1289,0.0986,0.3589,0.5509,2026-05-19
000460,0.6353,0.7654,0.1657,0.3416,2026-07-16
000461,0.2078,0.2092,0.6707,0.7152,2026-02-09
000462,0.3058,0.7762,0.1894,0.0718,2026-07-04
000463,0.1221,0.0439,0.9667,0.2209,2026-07-11
000464,0.2316,0.2489,0.8712,0.9560,2026-09-06
000465,0.6967,0.3357,0.4005,0.8024,2026-10-16
000466,0.3795,0.9282,0.7796,0.7968,2026-12-14
000467,0.7422,0.0202,0.6363,0.1536,2026-06-16
000468,0.5964,0.7022,0.1876,0.4488,2026-04-17
000469,0.4562,0.7619,0.9373,0.7678,2026-09-25
000470,0.9788,0.0666,0.4036,0.3620,2026-12-22
000471,0.3850,0.5441,0.5502,0.9759,2026-05-13
000472,0.4645,0.8075,0.6051,0.5840,2026-05-16
000473,0.1822,0.6333,0.6387,0.6225,2026-09-12
000474,0.3765,0.7167,0.4391,0.0759,2026-02-12
000475,0.2692,0.1525,0.9218,0.0013,2026-07-03
000476,0.1231,0.1002,0.5120,0.3283,2026-12-10
000477,0.4378,0.4099,0.8828,0.1127,2026-08-13
000478,0.6159,0.9494,0.1232,0.3939,2026-02-17
000479,0.8603,0.3190,0.1151,0.9111,2026-04-05
000480,0.2348,0.4404,0.1063,0.8547,2026-04-08
000481,0.2579,0.8687,0.2106,0.8418,2026-09-16
000482,0.7395,0.0586,0.2268,0.3069,2026-06-22
000483,0.9874,0.7001,0.7027,0.3000,2026-08-15
000484,0.8434,0.0184,0.2895,0.5182,2026-03-02
000485,0.0321,0.8630,0.3640,0.4119,2026-09-26
000486,0.2993,0.6914,0.5186,0.9476,2026-08-08
000487,0.5299,0.8771,0.9861,0.7669,2026-01-13
000488,0.0654,0.4907,0.9937,0.4782,2026-01-13
000489,0.7703,0.9982,0.7305,0.9253,2026-04-21
000490,0.7259,0.8126,0.2837,0.0635,2026-12-28
000491,0.3435,0.4818,0.4038,0.9310,2026-06-26
000492,0.2077,0.3604,0.0105,0.2526,2026-12-22
000493,0.5958,0.5332,0.0727,0.4599,2026-03-28
000494,0.7579,0.7371,0.8015,0.8727,2026-06-09
000495,0.6466,0.4064,0.3212,0.9635,2026-05-24
000496,0.1723,0.9484,0.3030,0.5109,2026-03-28
000497,0.2106,0.2924,0.5940,0.5813,2026-12-28
000498,0.5630,0.4079,0.0130,0.8833,2026-12-25
000499,0.8109,0.0681,0.3312,0.3116,2026-04-11
